<?xml version="1.0" encoding="UTF-8"?>
<!DOCTYPE mapper PUBLIC "-//mybatis.org//DTD Mapper 3.0//EN" "http://mybatis.org/dtd/mybatis-3-mapper.dtd">

<mapper namespace="com.mycom.project.apt.dao.AptDao">
	<!-- limit, offset -->
	<select id="aptList" parameterType="map" resultType="com.mycom.project.apt.dto.AptDto">
		select d.no, d.dong, d.AptName, d.code, d.dealAmount, d.buildYear, d.dealMonth, d.dealDay, d.area, d.floor, d.jibun, d.type, d.house_no, i.lat, i.lng
            from housedeal d, houseinfo i
            where d.house_no = i.no
            order by d.no desc
            limit #{limit} offset #{offset}
	</select>
	<select id="aptListTotalCount" resultType="int">
		select count(*) from housedeal
	</select>
	
	<!-- searchWord -->
	<select id="aptListSearchWord" parameterType="map" resultType="com.mycom.project.apt.dto.AptDto">
		select d.no, d.dong, d.AptName, d.code, d.dealAmount, d.buildYear, d.dealMonth, d.dealDay, d.area, d.floor, d.jibun, d.type, d.house_no, i.lat, i.lng
            from housedeal d, houseinfo i
            where d.house_no = i.no
            and d.AptName like concat('%', #{searchWord}, '%')
            order by d.no desc
            limit #{limit} offset #{offset}
	</select>
	<select id="aptListSearchWordTotalCount" parameterType="string" resultType="int">
		select count(*) from housedeal 
			where AptName like concat('%', #{searchWord},'%')
	</select>
	
	<!-- withDong -->
	<select id="aptListWithDong" parameterType="map" resultType="com.mycom.project.apt.dto.AptDto">
		select d.no, d.dong, d.AptName, d.code, d.dealAmount, d.buildYear, d.dealMonth, d.dealDay, d.area, d.floor, d.jibun, d.type, d.house_no, i.lat, i.lng
            from housedeal d, houseinfo i
            where d.house_no = i.no
            and  d.dong = (select name from dong_code where code = #{code})
            order by d.no desc
	</select>
	
	<select id="aptListWithDongTotalCount" parameterType="string" resultType="int">
		select count(*) from housedeal 
			where dong = (select name from dong_code where code = #{code})
	</select>
	
	<!-- withDongSearchWord -->
	<select id="aptListWithDongSearchWord" parameterType="map" resultType="com.mycom.project.apt.dto.AptDto">
		select d.no, d.dong, d.AptName, d.code, d.dealAmount, d.buildYear, d.dealMonth, d.dealDay, d.area, d.floor, d.jibun, d.type, d.house_no, i.lat, i.lng
            from housedeal d, houseinfo i
            where d.house_no = i.no
            and d.dong = (select name from dong_code where code = #{code})
            and d.AptName like concat('%', #{searchWord}, '%')
            order by d.no desc
	</select>
	
	<select id="aptListWithDongSearchWordTotalCount" parameterType="string" resultType="int">
		select count(*) from housedeal 
			where dong = (select name from dong_code where code = #{code})
			and AptName like concat('%', #{searchWord}, '%')
	</select>
	
	<!-- Detail -->
	<select id="aptDetail" parameterType="int" resultType="com.mycom.project.apt.dto.AptDto">
		select d.no, d.dong, d.AptName, d.code, d.dealAmount, d.buildYear, d.dealMonth, d.dealDay, d.area, d.floor, d.jibun, d.type, d.house_no, i.lat, i.lng
            from housedeal d, houseinfo i
            where d.house_no = i.no
            and d.no = #{no}
	</select>
	
	<resultMap type="com.mycom.project.apt.dto.SGDDto" id="sgdList">
		<result column="name" property="dongName"></result>
		<result column="code" property="dongCode"></result>
		<result column="city_code" property="sidoCode"></result>
		<result column="city_name" property="sidoName"></result>
		<result column="gugun_code" property="gugunCode"></result>
		<result column="gugun_name" property="gugunName"></result>
	</resultMap>
	
	<select id="addressDetail" parameterType="map" resultMap="sgdList">
		select code, name, city_code, city_name, gugun_code, gugun_name
		from dong_code
		where gugun_code = #{code}
		and name = #{name}
	</select>
	
	
	<resultMap type="com.mycom.project.apt.dto.SGDDto" id="sidoList">
		<result column="name" property="sidoName"></result>
		<result column="code" property="sidoCode"></result>
	</resultMap>
	
	<select id="sidoList" resultMap="sidoList">
		select code, name
		from sido_code
	</select>
	
	<resultMap type="com.mycom.project.apt.dto.SGDDto" id="gugunList">
		<result column="name" property="gugunName"></result>
		<result column="code" property="gugunCode"></result>
	</resultMap>
	
	<select id="gugunList" parameterType="map" resultMap="gugunList">
		select code, name
		from gugun_code
		where sido_code = #{code}
	</select>
	
	<resultMap type="com.mycom.project.apt.dto.SGDDto" id="dongList">
		<result column="name" property="dongName"></result>
		<result column="code" property="dongCode"></result>
	</resultMap>
	
	<select id="dongList" parameterType="map" resultMap="dongList">
		select code, name
		from dong_code
		where gugun_code = #{code}
	</select>
	
	
</mapper>