<?xml version="1.0" encoding="UTF-8"?>
<!DOCTYPE mapper PUBLIC "-//mybatis.org//DTD Mapper 3.0//EN" "http://mybatis.org/dtd/mybatis-3-mapper.dtd">

<mapper namespace="com.mycom.project.friend.dao.FriendDao">
    
    <select id="friendListSearchWord" parameterType="map" resultType="com.mycom.project.friend.dto.FriendDto">
    	select user_seq, user_name
    		from users
    		where user_seq != #{sendSeq}
    		and user_name like concat('%', #{searchWord},'%')
    </select>
    
    <select id="friendState" parameterType="map" resultType="string">
    	select distinct friend_state
    		from user_friend
    		where (send_user_seq = #{sendSeq} and receive_user_seq = #{receiveSeq})
    		or (send_user_seq = #{receiveSeq} and receive_user_seq = #{sendSeq})
    </select>
    
    <select id="friendList" parameterType="map" resultType="com.mycom.project.friend.dto.FriendDto">
    	select f.friend_id, f.user_seq, f.send_user_seq, f.receive_user_seq, f.friend_state, u.user_name
    		from users u, (
    			select
    				friend_id,
    				case
		    			when (send_user_seq = #{seq}) then receive_user_seq
		    			when (receive_user_seq = #{seq}) then send_user_seq
		    		else null
    				end as user_seq, send_user_seq, receive_user_seq, friend_state
    			from user_friend
    			where friend_state = '002'
    			and (send_user_seq = #{seq} or receive_user_seq = #{seq})
    			group by friend_id
    			) as f
    		where f.user_seq = u.user_seq
    		
    </select>
    
    <select id="checkDuplicate" parameterType="map" resultType="int">
    	select count(*)
    		from user_friend
    		where (send_user_seq = #{sendSeq} and receive_user_seq = #{receiveSeq})
    		and (send_user_seq = #{receiveSeq} and receive_user_seq = #{sendSeq})
    		
    </select>
    
    <select id="friendDetail" parameterType="map" resultType="com.mycom.project.user.dto.UserDto">
    	select user_seq, user_name, user_profile_image_url, user_comment
    		from users
    		where user_seq = #{seq}
    </select>
    
    <insert id="friendRequest" parameterType="map">
    	insert into user_friend (send_user_seq, receive_user_seq, friend_state)
    		values (#{sendSeq}, #{receiveSeq}, '001')
    </insert>
    
    <update id="friendAccept" parameterType="map">
    	update user_friend
    		set friend_state = '002'
    		where send_user_seq = #{sendSeq}
    		and receive_user_seq = #{receiveSeq}
    </update>
    
    <delete id="friendDelete" parameterType="map">
    	delete from user_friend 
    		where (send_user_seq = #{sendSeq} and receive_user_seq = #{receiveSeq})
    		or (send_user_seq = #{receiveSeq} and receive_user_seq = #{sendSeq})
    </delete>
</mapper>