<?xml version="1.0" encoding="UTF-8"?>
<!DOCTYPE mapper PUBLIC "-//mybatis.org//DTD Mapper 3.0//EN" "http://mybatis.org/dtd/mybatis-3-mapper.dtd">

<mapper namespace="com.mycom.project.login.dao.LoginDao">

    <select id="login" parameterType="string" resultType="com.mycom.project.user.dto.UserDto">
    	select user_seq, user_name, user_password, user_email, user_profile_image_url, user_register_date, user_state, user_event_part, user_comment
    		from users
    		where user_email = #{userEmail}
    </select>
    
    <select id="getRefreshToken" parameterType="int" resultType="string">
		select token
		from users
		where user_seq = #{userSeq}
	</select>
	
	<update id="saveRefreshToken" parameterType="map">
		update users
		set token = #{token}
		where user_seq = #{userSeq}
	</update>
	
	<update id="deleteRefreshToken" parameterType="map">
		update users
		set token = null
		where user_seq = #{userSeq}
	</update>
</mapper>